"loss","learning_rate","epoch","perplexity","steps","samples"
3.7974,5e-05,0.0,44.58511237276223,50,400
3.7962,5e-05,0.0,44.531642326359155,50,400
3.1167,5e-05,0.0,22.57176976436141,100,800
3.1157,5e-05,0.0,22.54920927672091,100,800
2.9922,5e-05,0.0,19.929479151707675,150,1200
2.9943,5e-05,0.0,19.971375033205096,150,1200
2.8176,5e-05,0.0,16.736634509225993,200,1600
2.8192,5e-05,0.0,16.763434558763038,200,1600
2.5876,5e-05,0.0,13.297818510396947,250,2000
2.5893,5e-05,0.0,13.320444028105697,250,2000
2.5956,5e-05,0.01,13.404627725692766,300,2400
2.5924,5e-05,0.01,13.361801475515891,300,2400
2.4323,5e-05,0.01,11.385037576075733,350,2800
2.4317,5e-05,0.01,11.378208602427053,350,2800
2.4194,5e-05,0.01,11.239113823142803,400,3200
2.4201,5e-05,0.01,11.246983957044506,400,3200
2.3843,5e-05,0.01,10.851463980904757,450,3600
2.3863,5e-05,0.01,10.873188626270382,450,3600
2.3626,5e-05,0.01,10.61852375467062,500,4000
2.3631,5e-05,0.01,10.623834344084674,500,4000
2.298,5e-05,0.01,9.954254024977738,550,4400
2.2962,5e-05,0.01,9.936352483953113,550,4400
2.2828,5e-05,0.01,9.804093475057458,600,4800
2.2807,5e-05,0.01,9.783526481661273,600,4800
2.2264,5e-05,0.01,9.266446752478918,650,5200
2.2254,5e-05,0.01,9.257184937405794,650,5200
2.1356,5e-05,0.01,8.462122257338544,700,5600
2.1389,5e-05,0.01,8.490093387769173,700,5600
2.1276,5e-05,0.01,8.394695346532865,750,6000
2.1305,5e-05,0.01,8.419075296879534,750,6000
2.1238,5e-05,0.01,8.362856037217034,800,6400
2.1216,5e-05,0.01,8.344477977213641,800,6400
2.0972,5e-05,0.01,8.143336618342126,850,6800
2.0981,5e-05,0.01,8.150668920339603,850,6800
2.0886,5e-05,0.02,8.073604202595687,900,7200
2.089,5e-05,0.02,8.076834290251188,900,7200
1.9941,5e-05,0.02,7.3455890219148285,950,7600
1.9941,5e-05,0.02,7.3455890219148285,950,7600
2.1021,5e-05,0.02,8.183336888399804,1000,8000
2.1032,5e-05,0.02,8.192343511711698,1000,8000
2.0118,5e-05,0.02,7.476763416376082,1050,8400
2.0137,5e-05,0.02,7.490982770976411,1050,8400
2.0118,5e-05,0.02,7.476763416376082,1050,8400
1.9877,5e-05,0.02,7.298727369416898,1100,8800
1.9862,5e-05,0.02,7.287787485327069,1100,8800
1.9877,5e-05,0.02,7.298727369416898,1100,8800
1.9258,5e-05,0.02,6.86063497906456,1150,9200
1.9281,5e-05,0.02,6.876432599816155,1150,9200
1.9258,5e-05,0.02,6.86063497906456,1150,9200
1.9476,5e-05,0.02,7.011838956831727,1200,9600
1.9467,5e-05,0.02,7.005531140713609,1200,9600
1.9512,5e-05,0.02,7.037127068365928,1250,10000
1.9523,5e-05,0.02,7.044872167164505,1250,10000
1.9285,5e-05,0.02,6.879183723044047,1300,10400
1.9278,5e-05,0.02,6.874369979444736,1300,10400
1.9723,5e-05,0.02,7.187188025258424,1350,10800
1.9728,5e-05,0.02,7.190782517819309,1350,10800
1.8932,5e-05,0.02,6.64058458816958,1400,11200
1.8946,5e-05,0.02,6.649887917403938,1400,11200
1.8852,5e-05,0.03,6.587671844639342,1450,11600
1.884,5e-05,0.03,6.579771379652822,1450,11600
1.9405,5e-05,0.03,6.962231216111453,1500,12000
1.9403,5e-05,0.03,6.960838909103573,1500,12000
1.8876,5e-05,0.03,6.603501244748496,1550,12400
1.8897,5e-05,0.03,6.61738316828057,1550,12400
1.999,5e-05,0.03,7.3816707361285685,1600,12800
1.9998,5e-05,0.03,7.387578435482134,1600,12800
1.8506,5e-05,0.03,6.363636559311895,1650,13200
1.8515,5e-05,0.03,6.369366410261438,1650,13200
1.8916,5e-05,0.03,6.629968148245288,1700,13600
1.8927,5e-05,0.03,6.637265125810241,1700,13600
1.8245,5e-05,0.03,6.199694396815482,1750,14000
1.827,5e-05,0.03,6.215213023007643,1750,14000
1.7708,5e-05,0.03,5.875551923245862,1800,14400
1.7728,5e-05,0.03,5.887314786034188,1800,14400
1.8332,5e-05,0.03,6.253867047404275,1850,14800
1.8335,5e-05,0.03,6.255743488970657,1850,14800
1.7406,5e-05,0.03,5.700762854452545,1900,15200
1.7408,5e-05,0.03,5.701903121046294,1900,15200
1.8329,5e-05,0.03,6.25199116868593,1950,15600
1.8345,5e-05,0.03,6.2620023613742575,1950,15600
1.8354,5e-05,0.03,6.267640700371454,2000,16000
1.8397,5e-05,0.03,6.2946495828642375,2000,16000
1.7574,5e-05,0.04,5.79734468620003,2050,16400
1.7574,5e-05,0.04,5.79734468620003,2050,16400
1.7595,5e-05,0.04,5.809531902138985,2050,16400
1.7892,5e-05,0.04,5.9846628205237975,2100,16800
1.7892,5e-05,0.04,5.9846628205237975,2100,16800
1.7897,5e-05,0.04,5.987655900141609,2100,16800
1.8123,5e-05,0.04,6.124517635856296,2150,17200
1.8121,5e-05,0.04,6.123292854811312,2150,17200
1.816,5e-05,0.04,6.147220325184242,2150,17200
1.7816,5e-05,0.04,5.939351783126843,2200,17600
1.7822,5e-05,0.04,5.942916463493889,2200,17600
1.7852,5e-05,0.04,5.960771982771648,2200,17600
1.7308,5e-05,0.04,5.645168237045746,2250,18000
1.7309,5e-05,0.04,5.645732782096234,2250,18000
1.7327,5e-05,0.04,5.6559042526812355,2250,18000
1.74,5e-05,0.04,5.697343422671991,2300,18400
1.7396,5e-05,0.04,5.695064941029631,2300,18400
1.7416,5e-05,0.04,5.70646646863879,2300,18400
1.7593,5e-05,0.04,5.808370111941449,2350,18800
1.7595,5e-05,0.04,5.809531902138985,2350,18800
1.7611,5e-05,0.04,5.818834593350803,2350,18800
1.7139,5e-05,0.04,5.55056652985419,2400,19200
1.7144,5e-05,0.04,5.553342507055584,2400,19200
1.7167,5e-05,0.04,5.566129894680474,2400,19200
1.6742,5e-05,0.04,5.334525820912879,2450,19600
1.6747,5e-05,0.04,5.337193750750214,2450,19600
1.6715,5e-05,0.04,5.320142028054926,2500,20000
1.6721,5e-05,0.04,5.323335071088877,2500,20000
1.7055,5e-05,0.04,5.504137047832937,2550,20400
1.7059,5e-05,0.04,5.5063391430417505,2550,20400
1.6818,5e-05,0.04,5.375222669288336,2600,20800
1.683,5e-05,0.04,5.381676808200332,2600,20800
1.6777,5e-05,0.05,5.353229373409738,2650,21200
1.6782,5e-05,0.05,5.355906657361654,2650,21200
1.6444,5e-05,0.05,5.177902233399632,2700,21600
1.6451,5e-05,0.05,5.1815280338451135,2700,21600
1.6095,5e-05,0.05,5.000310447466862,2750,22000
1.6112,5e-05,0.05,5.0088182047723135,2750,22000
1.7117,5e-05,0.05,5.538368706014523,2800,22400
1.7126,5e-05,0.05,5.543355481562324,2800,22400
1.6291,5e-05,0.05,5.099283297739323,2850,22800
1.6268,5e-05,0.05,5.087568423424291,2850,22800
1.6862,5e-05,0.05,5.39892575758649,2900,23200
1.6875,5e-05,0.05,5.405948925141167,2900,23200
1.6826,5e-05,0.05,5.379524567953799,2950,23600
1.6828,5e-05,0.05,5.380600580465053,2950,23600
1.6095,5e-05,0.05,5.000310447466862,3000,24000
1.6102,5e-05,0.05,5.0038118901420505,3000,24000
1.6067,5e-05,0.05,4.986329161149239,3050,24400
1.6068,5e-05,0.05,4.98682781899783,3050,24400
1.6627,5e-05,0.05,5.273530171179755,3100,24800
1.6644,5e-05,0.05,5.282502797041836,3100,24800
1.6124,5e-05,0.05,5.014832394410121,3150,25200
1.6134,5e-05,0.05,5.019849735056742,3150,25200
1.6288,5e-05,0.06,5.097753742194804,3200,25600
1.6297,5e-05,0.06,5.102343785772561,3200,25600
1.5377,5e-05,0.06,4.6538740417525455,3250,26000
1.5386,5e-05,0.06,4.658064413774682,3250,26000
1.6559,5e-05,0.06,5.237791814141359,3300,26400
1.6563,5e-05,0.06,5.239887349946237,3300,26400
1.5837,5e-05,0.06,4.872952420935827,3350,26800
1.5862,5e-05,0.06,4.885150042662397,3350,26800
1.5389,5e-05,0.06,4.659462042732676,3400,27200
1.5396,5e-05,0.06,4.662724807997202,3400,27200
1.5557,5e-05,0.06,4.738402246093971,3450,27600
1.555,5e-05,0.06,4.735086525159423,3450,27600
1.5447,5e-05,0.06,4.686565446471535,3500,28000
1.5435,5e-05,0.06,4.680944940913565,3500,28000
1.6166,5e-05,0.06,5.035938983276586,3550,28400
1.6156,5e-05,0.06,5.030905561423688,3550,28400
1.5427,5e-05,0.06,4.6772016824638545,3600,28800
1.5426,5e-05,0.06,4.676733985680837,3600,28800
1.5803,5e-05,0.06,4.8564125164756655,3650,29200
1.5802,5e-05,0.06,4.8559268995052705,3650,29200
1.5786,5e-05,0.06,4.84816362873884,3700,29600
1.5786,5e-05,0.06,4.84816362873884,3700,29600
1.5688,5e-05,0.06,4.800883675345448,3750,30000
1.5689,5e-05,0.06,4.801363787718201,3750,30000
1.5816,5e-05,0.07,4.862729958194493,3800,30400
1.5809,5e-05,0.07,4.85932723831466,3800,30400
1.5352,5e-05,0.07,4.64225388789265,3850,30800
1.4919,5e-05,0.07,4.445534014521933,3900,31200
1.5609,5e-05,0.07,4.763106112159409,3950,31600
1.5215,5e-05,0.07,4.579088679261059,4000,32000
1.4915,5e-05,0.07,4.443756156511432,4050,32400
1.5549,5e-05,0.07,4.734613040181551,4100,32800
1.514,5e-05,0.07,4.5448739796713165,4150,33200
1.493,5e-05,0.07,4.450426792472426,4200,33600
1.4401,5e-05,0.07,4.2211179076824346,4250,34000
1.515,5e-05,0.07,4.549421126845645,4300,34400
1.5425,5e-05,0.08,4.67626633566516,4350,34800
1.5287,5e-05,0.08,4.612177093099732,4400,35200
1.4446,5e-05,0.08,4.2401557412662365,4450,35600
1.5677,5e-05,0.08,4.795605606772488,4500,36000
1.4995,5e-05,0.08,4.479448785920673,4550,36400
1.4612,5e-05,0.08,4.311129781310569,4600,36800
1.4903,5e-05,0.08,4.438426847348632,4650,37200
1.4749,5e-05,0.08,4.370598691206916,4700,37600
1.4094,5e-05,0.08,4.093498567953274,4750,38000
1.4929,5e-05,0.08,4.44998177204457,4800,38400
1.4306,5e-05,0.08,4.181207163754711,4850,38800
1.4579,5e-05,0.08,4.29692650133368,4900,39200
1.4711,5e-05,0.09,4.354021931970241,4950,39600
1.4894,5e-05,0.09,4.434434060209744,5000,40000
1.4684,5e-05,0.09,4.34228192889013,5050,40400
1.4127,5e-05,0.09,4.1070294268654735,5100,40800
1.4637,5e-05,0.09,4.321921089278333,5150,41200
1.3834,5e-05,0.09,3.9884392940200404,5200,41600
1.5066,5e-05,0.09,4.511366044489658,5250,42000
1.4304,5e-05,0.09,4.180371005940527,5300,42400
1.475,5e-05,0.09,4.371035772929758,5350,42800
1.3903,5e-05,0.09,4.016054688696421,5400,43200
1.4508,5e-05,0.09,4.266526371341456,5450,43600
1.3655,5e-05,0.1,3.917681403065687,5500,44000
1.3826,5e-05,0.1,3.9852498185451197,5550,44400
1.4089,5e-05,0.1,4.091452330271348,5600,44800
1.4024,5e-05,0.1,4.064944135089796,5650,45200
1.4043,5e-05,0.1,4.072674870819747,5700,45600
1.4181,5e-05,0.1,4.129267374190137,5750,46000
1.4,5e-05,0.1,4.0551999668446745,5800,46400
1.4226,5e-05,0.1,4.147890948990021,5850,46800
1.389,5e-05,0.1,4.01083720969726,5900,47200
1.3983,5e-05,0.1,4.048311983345869,5950,47600
1.4508,5e-05,0.1,4.266526371341456,6000,48000
1.476,5e-05,0.1,4.375408994949263,6050,48400
1.4357,5e-05,0.11,4.202585789447224,6100,48800
1.4142,5e-05,0.11,4.113194593724947,6150,49200
1.3592,5e-05,0.11,3.893077593603226,6200,49600
1.3888,5e-05,0.11,4.010035122466717,6250,50000
1.3724,5e-05,0.11,3.944806880022096,6300,50400
1.3781,5e-05,0.11,3.967356484558129,6350,50800
1.43,5e-05,0.11,4.178699191923246,6400,51200
1.391,5e-05,0.11,4.018866911141532,6450,51600
1.3879,5e-05,0.11,4.006427714433611,6500,52000
1.3609,5e-05,0.11,3.8997014541986115,6550,52400
1.3947,5e-05,0.11,4.033764261816113,6600,52800
1.3476,5e-05,0.11,3.8481788099266514,6650,53200
1.3811,5e-05,0.12,3.9792764249824852,6700,53600
1.3385,5e-05,0.12,3.8133192343848235,6750,54000
1.4032,5e-05,0.12,4.068197391526935,6800,54400
1.3337,5e-05,0.12,3.79505916129452,6850,54800
1.4003,5e-05,0.12,4.056416709336976,6900,55200
1.3752,5e-05,0.12,3.9558678173719692,6950,55600
1.3458,5e-05,0.12,3.8412583183797087,7000,56000
1.3733,5e-05,0.12,3.948358804340304,7050,56400
1.3372,5e-05,0.12,3.808365140239019,7100,56800
1.3077,5e-05,0.12,3.697659307990401,7150,57200
1.3206,5e-05,0.12,3.7456681040378506,7200,57600
1.3929,5e-05,0.13,4.0265100169238925,7250,58000
1.3509,5e-05,0.13,3.8608987764007243,7300,58400
1.3424,5e-05,0.13,3.8282202174288686,7350,58800
1.3128,5e-05,0.13,3.71656554037449,7400,59200
1.3086,5e-05,0.13,3.7009886993689785,7450,59600
1.2503,5e-05,0.13,3.4913902174302205,7500,60000
1.3439,5e-05,0.13,3.8339668566569385,7550,60400
1.3046,5e-05,0.13,3.6862143130433305,7600,60800
1.3858,5e-05,0.13,3.9980230442257354,7650,61200
1.3184,5e-05,0.13,3.737436692082121,7700,61600
1.3028,5e-05,0.13,3.679585095365651,7750,62000
1.3109,5e-05,0.13,3.7095107700019425,7800,62400
1.347,5e-05,0.14,3.8458705951743677,7850,62800
1.2781,5e-05,0.14,3.589812597915798,7900,63200
1.3273,5e-05,0.14,3.7708483399301476,7950,63600
1.3365,5e-05,0.14,3.805700217472638,8000,64000
1.3605,5e-05,0.14,3.898141885551456,8050,64400
1.3034,5e-05,0.14,3.681793508880672,8100,64800
1.2466,5e-05,0.14,3.478495942744113,8150,65200
1.2933,5e-05,0.14,3.644794553686127,8200,65600
1.2909,5e-05,0.14,3.6360575353730242,8250,66000
1.2706,5e-05,0.14,3.562989714974605,8300,66400
1.3079,5e-05,0.14,3.6983989138101157,8350,66800
1.2909,5e-05,0.15,3.6360575353730242,8400,67200
1.298,5e-05,0.15,3.661965407987391,8450,67600
1.3212,5e-05,0.15,3.747916179255396,8500,68000
1.3147,5e-05,0.15,3.723633727552675,8550,68400
1.3157,5e-05,0.15,3.7273592237178526,8600,68800
1.285,5e-05,0.15,3.614667957217448,8650,69200
1.2659,5e-05,0.15,3.546282954954621,8700,69600
1.2828,5e-05,0.15,3.606724428796722,8750,70000
1.3466,5e-05,0.15,3.844332554564927,8800,70400
1.3153,5e-05,0.15,3.7258685781773484,8850,70800
1.3307,5e-05,0.15,3.783691044511896,8900,71200
1.2813,5e-05,0.15,3.6013183976904877,8950,71600
1.3007,5e-05,0.16,3.6718660744740594,9000,72000
1.2585,5e-05,0.16,3.520137319251201,9050,72400
1.2913,5e-05,0.16,3.6375122493105647,9100,72800
1.2673,5e-05,0.16,3.5512512280712545,9150,73200
1.2222,5e-05,0.16,3.3946477496440535,9200,73600
1.2278,5e-05,0.16,3.41371110461711,9250,74000
1.2698,5e-05,0.16,3.5601404630553533,9300,74400
1.2772,5e-05,0.16,3.5865832200157115,9350,74800
1.2915,5e-05,0.16,3.638239824515523,9400,75200
1.2898,5e-05,0.16,3.6320600710925466,9450,75600
1.2575,5e-05,0.16,3.516618941414067,9500,76000
1.2957,5e-05,0.17,3.6535525660259363,9550,76400
1.2448,5e-05,0.17,3.4722402818310236,9600,76800
1.2308,5e-05,0.17,3.42396761500416,9650,77200
1.3008,5e-05,0.17,3.672233279441449,9700,77600
1.2963,5e-05,0.17,3.655745355336561,9750,78000
1.2607,5e-05,0.17,3.527890146336374,9800,78400
1.2279,5e-05,0.17,3.414052492796696,9850,78800
1.2172,5e-05,0.17,3.37771687335919,9900,79200
1.2291,5e-05,0.17,3.4181518148893897,9950,79600
1.2755,5e-05,0.17,3.5804912082188722,10000,80000
1.2883,5e-05,0.17,3.6266160650112194,10050,80400
1.2277,5e-05,0.17,3.4133697505746348,10100,80800
1.207,5e-05,0.18,3.3434392741929435,10150,81200
1.2382,5e-05,0.18,3.4493989552625703,10200,81600
1.2302,5e-05,0.18,3.4219138506260838,10250,82000
1.1909,5e-05,0.18,3.2900409121371226,10300,82400
1.2942,5e-05,0.18,3.6480763453691814,10350,82800
1.2322,5e-05,0.18,3.4287645267198714,10400,83200
1.2481,5e-05,0.18,3.4837176019235527,10450,83600
1.2435,5e-05,0.18,3.4677293022366764,10500,84000
1.2465,5e-05,0.18,3.4781481105417384,10550,84400
1.2624,5e-05,0.18,3.5338926602763894,10600,84800
1.2084,5e-05,0.18,3.3481233672769033,10650,85200
1.2355,5e-05,0.18,3.440098139834434,10700,85600
1.2269,5e-05,0.19,3.41064014676128,10750,86000
1.2038,5e-05,0.19,3.3327573686795717,10800,86400
1.2126,5e-05,0.19,3.3622150572536396,10850,86800
1.2647,5e-05,0.19,3.5420299677113793,10900,87200
1.232,5e-05,0.19,3.4280788423852466,10950,87600
1.1934,5e-05,0.19,3.298276304368488,11000,88000
1.2283,5e-05,0.19,3.415418386954434,11050,88400
1.1896,5e-05,0.19,3.285766637831603,11100,88800
1.1659,5e-05,0.19,3.208809512586072,11150,89200
1.1903,5e-05,0.19,3.28806747967878,11200,89600
1.2055,5e-05,0.19,3.338427874770858,11250,90000
1.2002,5e-05,0.2,3.3207810125278603,11300,90400
1.2092,5e-05,0.2,3.3508029376559665,11350,90800
1.1683,5e-05,0.2,3.2165199041852097,11400,91200
1.1969,5e-05,0.2,3.309840496965712,11450,91600
1.1612,5e-05,0.2,3.1937634937184596,11500,92000
1.186,5e-05,0.2,3.273959144176079,11550,92400
1.174,5e-05,0.2,3.234906419426039,11600,92800
1.2332,5e-05,0.2,3.4321950062004585,11650,93200
1.1695,5e-05,0.2,3.220382044891199,11700,93600
1.2491,5e-05,0.2,3.4872030619650425,11750,94000
1.1838,5e-05,0.2,3.266764351233029,11800,94400
1.169,5e-05,0.2,3.218772256349426,11850,94800
1.2457,5e-05,0.21,3.4753667047639585,11900,95200
1.1423,5e-05,0.21,3.1339682090726226,11950,95600
1.2317,5e-05,0.21,3.427050572980654,12000,96000
1.1594,5e-05,0.21,3.1880198902236843,12050,96400
1.1628,5e-05,0.21,3.198877605506829,12100,96800
1.1768,5e-05,0.21,3.2439768500773303,12150,97200
1.1283,5e-05,0.21,3.0903983547643925,12200,97600
1.2006,5e-05,0.21,3.3221095906307774,12250,98000
1.2328,5e-05,0.21,3.430822402736972,12300,98400
1.1709,5e-05,0.21,3.2248937372017545,12350,98800
1.1618,5e-05,0.21,3.195680326807112,12400,99200
1.2919,5e-05,0.22,3.6396954115433267,12450,99600
1.1983,5e-05,0.22,3.314477518819381,12500,100000
1.2143,5e-05,0.22,3.367935684005993,12550,100400
1.1775,5e-05,0.22,3.246248428832192,12600,100800
1.1485,5e-05,0.22,3.153459171516439,12650,101200
1.1353,5e-05,0.22,3.1121070349848092,12700,101600
1.2004,5e-05,0.22,3.3214452351504136,12750,102000
1.1776,5e-05,0.22,3.2465730699068582,12800,102400
1.1934,5e-05,0.22,3.298276304368488,12850,102800
1.1877,5e-05,0.22,3.2795296082741086,12900,103200
1.1601,5e-05,0.22,3.190252285393994,12950,103600
1.1647,5e-05,0.22,3.204961250589958,13000,104000
1.1983,5e-05,0.23,3.314477518819381,13050,104400
1.1733,5e-05,0.23,3.2326427772996174,13100,104800
1.1625,5e-05,0.23,3.197918086160276,13150,105200
1.1427,5e-05,0.23,3.1352220471071406,13200,105600
1.1825,5e-05,0.23,3.2625203167965116,13250,106000
1.2182,5e-05,0.23,3.381096279654079,13300,106400
1.1353,5e-05,0.23,3.1121070349848092,13350,106800
1.1796,5e-05,0.23,3.2530727135237414,13400,107200
1.1141,5e-05,0.23,3.0468248025260922,13450,107600
1.1662,5e-05,0.23,3.2097722998507163,13500,108000
1.1485,5e-05,0.23,3.153459171516439,13550,108400
1.1105,5e-05,0.24,3.0358759529909167,13600,108800
1.1906,5e-05,0.24,3.2890540479005184,13650,109200
1.1863,5e-05,0.24,3.2749414792622273,13700,109600
1.1763,5e-05,0.24,3.2423552670818228,13750,110000
1.1742,5e-05,0.24,3.235553465412366,13800,110400
1.1383,5e-05,0.24,3.121457374586413,13850,110800
1.1722,5e-05,0.24,3.229088825276557,13900,111200
1.1136,5e-05,0.24,3.0453017709144614,13950,111600
1.1681,5e-05,0.24,3.2158766645304824,14000,112000
1.1145,5e-05,0.24,3.0480437762255894,14050,112400
1.1576,5e-05,0.24,3.1822866159161425,14100,112800
1.2049,5e-05,0.24,3.3364254188428477,14150,113200
1.0982,5e-05,0.25,2.9987633889335528,14200,113600
1.1818,5e-05,0.25,3.2602373517057566,14250,114000
1.1577,5e-05,0.25,3.1826048604896973,14300,114400
1.1263,5e-05,0.25,3.0842237347331016,14350,114800
1.2137,5e-05,0.25,3.365915528702785,14400,115200
1.1415,5e-05,0.25,3.131462037107813,14450,115600
1.1021,5e-05,0.25,3.0104814014221692,14500,116000
1.1646,5e-05,0.25,3.2046407704891715,14550,116400
1.1801,5e-05,0.25,3.254699656582373,14600,116800
1.1745,5e-05,0.25,3.236524277066457,14650,117200
1.1488,5e-05,0.25,3.1544053511877483,14700,117600
1.1845,5e-05,0.25,3.2690518868229415,14750,118000
1.154,5e-05,0.26,3.1708509805929093,14800,118400
1.1149,5e-05,0.26,3.0492632376120974,14850,118800
1.1517,5e-05,0.26,3.1635664038121276,14900,119200
1.1507,5e-05,0.26,3.1604044186643883,14950,119600
1.1213,5e-05,0.26,3.068841104681697,15000,120000
1.1059,5e-05,0.26,3.021942993981323,15050,120400
1.1741,5e-05,0.26,3.235229926243053,15100,120800
1.1081,5e-05,0.26,3.0285985870360195,15150,121200
1.0991,5e-05,0.26,3.001463490847197,15200,121600
1.1069,5e-05,0.26,3.0249664484505843,15250,122000
1.1241,5e-05,0.26,3.077445900867667,15300,122400
1.1252,5e-05,0.27,3.080832953896259,15350,122800
1.0855,5e-05,0.27,2.960919908640501,15400,123200
1.1318,5e-05,0.27,3.1012336997987986,15450,123600
1.1651,5e-05,0.27,3.206243491521284,15500,124000
1.1056,5e-05,0.27,3.021036547056965,15550,124400
1.1524,5e-05,0.27,3.165781675549448,15600,124800
1.0932,5e-05,0.27,2.9838069941350236,15650,125200
1.0862,5e-05,0.27,2.962993278171223,15700,125600
1.116,5e-05,0.27,3.052619272654344,15750,126000
1.1458,5e-05,0.27,3.1449563157740807,15800,126400
1.1252,5e-05,0.27,3.080832953896259,15850,126800
1.1066,5e-05,0.27,3.024059094625928,15900,127200
1.1682,5e-05,0.28,3.216198268276855,15950,127600
1.1058,5e-05,0.28,3.0216408147911356,16000,128000
1.0882,5e-05,0.28,2.9689251946667556,16050,128400
1.0882,5e-05,0.28,2.9689251946667556,16050,128400
1.1271,5e-05,0.28,3.0866921009357227,16100,128800
1.1271,5e-05,0.28,3.0866921009357227,16100,128800
1.1154,5e-05,0.28,3.0507882504523423,16150,129200
1.1154,5e-05,0.28,3.0507882504523423,16150,129200
1.1636,5e-05,0.28,3.2014377315050937,16200,129600
1.1636,5e-05,0.28,3.2014377315050937,16200,129600
1.1162,5e-05,0.28,3.0532298575653307,16250,130000
1.1162,5e-05,0.28,3.0532298575653307,16250,130000
1.1322,5e-05,0.28,3.102474441410498,16300,130400
1.1322,5e-05,0.28,3.102474441410498,16300,130400
1.0851,5e-05,0.28,2.959735777519058,16350,130800
1.0851,5e-05,0.28,2.959735777519058,16350,130800
1.0971,5e-05,0.28,2.995466562792533,16400,131200
1.0971,5e-05,0.28,2.995466562792533,16400,131200
1.1384,5e-05,0.28,3.1217695359316786,16450,131600
1.1384,5e-05,0.28,3.1217695359316786,16450,131600
1.0889,5e-05,0.29,2.971004169859448,16500,132000
1.0889,5e-05,0.29,2.971004169859448,16500,132000
1.1617,5e-05,0.29,3.1953607747523,16550,132400
1.1617,5e-05,0.29,3.1953607747523,16550,132400
1.0782,5e-05,0.29,2.939383895393538,16600,132800
1.0782,5e-05,0.29,2.939383895393538,16600,132800
1.0957,5e-05,0.29,2.9912758437924074,16650,133200
1.0957,5e-05,0.29,2.9912758437924074,16650,133200
1.1093,5e-05,0.29,3.032235086803943,16700,133600
1.1093,5e-05,0.29,3.032235086803943,16700,133600
1.1146,5e-05,0.29,3.048348595843939,16750,134000
1.1146,5e-05,0.29,3.048348595843939,16750,134000
1.0899,5e-05,0.29,2.973976660026684,16800,134400
1.0899,5e-05,0.29,2.973976660026684,16800,134400
1.1236,5e-05,0.29,3.0759075625338648,16850,134800
1.1236,5e-05,0.29,3.0759075625338648,16850,134800
1.0751,5e-05,0.29,2.9302859144742075,16900,135200
1.0751,5e-05,0.29,2.9302859144742075,16900,135200
1.0905,5e-05,0.29,2.975761581445578,16950,135600
1.0905,5e-05,0.29,2.975761581445578,16950,135600
1.1108,5e-05,0.29,3.036786852404894,17000,136000
1.1108,5e-05,0.29,3.036786852404894,17000,136000
1.1237,5e-05,0.29,3.0762151686701684,17050,136400
1.1051,5e-05,0.3,3.019526406350075,17100,136800
1.0873,5e-05,0.3,2.9662543640456156,17150,137200
1.0722,5e-05,0.3,2.92180039527201,17200,137600
1.1566,5e-05,0.3,3.179105919913286,17250,138000
1.0403,5e-05,0.3,2.830065906783363,17300,138400
1.1345,5e-05,0.3,3.1096183449655594,17350,138800
1.0969,5e-05,0.3,2.994867529385312,17400,139200
1.0755,5e-05,0.3,2.9314582632941297,17450,139600
1.1066,5e-05,0.3,3.024059094625928,17500,140000
1.1037,5e-05,0.3,3.0153020271366158,17550,140400
1.0775,5e-05,0.3,2.9373270466478107,17600,140800
1.0422,5e-05,0.3,2.8354481435119876,17650,141200
1.0946,5e-05,0.31,2.9879872494227393,17700,141600
1.1222,5e-05,0.31,3.0716043049295063,17750,142000
1.1047,5e-05,0.31,3.0183188373174423,17800,142400
1.0812,5e-05,0.31,2.9482152875444014,17850,142800
1.0815,5e-05,0.31,2.9490998848136205,17900,143200
1.0463,5e-05,0.31,2.847097345445765,17950,143600
1.0722,5e-05,0.31,2.92180039527201,18000,144000
1.131,5e-05,0.31,3.098753704969158,18050,144400
1.0985,5e-05,0.31,2.999663152908081,18100,144800
1.1124,5e-05,0.31,3.0416496005298557,18150,145200
1.0711,5e-05,0.31,2.918588181878475,18200,145600
1.0983,5e-05,0.32,2.9990632802667627,18250,146000
1.0744,5e-05,0.32,2.9282354320866397,18300,146400
1.1318,5e-05,0.32,3.1012336997987986,18350,146800
1.1176,5e-05,0.32,3.057507372928015,18400,147200
1.0902,5e-05,0.32,2.9748689868670253,18450,147600
1.1124,5e-05,0.32,3.0416496005298557,18500,148000
1.1001,5e-05,0.32,3.004466455570159,18550,148400
1.08,5e-05,0.32,2.944679551065524,18600,148800
1.0618,5e-05,0.32,2.891571135776459,18650,149200
1.093,5e-05,0.32,2.9832102924083586,18700,149600
1.102,5e-05,0.32,3.0101803683339323,18750,150000
1.104,5e-05,0.32,3.0162067534469186,18800,150400
1.0805,5e-05,0.33,2.9461522589873557,18850,150800
1.0657,5e-05,0.33,2.9028702822198875,18900,151200
1.035,5e-05,0.33,2.8151062356240635,18950,151600
1.0542,5e-05,0.33,2.869678492565248,19000,152000
1.1089,5e-05,0.33,3.031022435315688,19050,152400
1.0757,5e-05,0.33,2.9320446135798632,19100,152800
1.0292,5e-05,0.33,2.7988258781334103,19150,153200
1.1232,5e-05,0.33,3.07467744554865,19200,153600
1.0451,5e-05,0.33,2.8436828777216006,19250,154000
1.1018,5e-05,0.33,3.009578392459859,19300,154400
1.0841,5e-05,0.33,2.956777521116262,19350,154800
1.0656,5e-05,0.34,2.902580009705533,19400,155200
1.1372,5e-05,0.34,3.118025659263826,19450,155600
1.0714,5e-05,0.34,2.9194638896826413,19500,156000
1.0962,5e-05,0.34,2.9927718556861107,19550,156400
1.067,5e-05,0.34,2.9066464675754413,19600,156800
1.0655,5e-05,0.34,2.902289766216978,19650,157200
1.0571,5e-05,0.34,2.878012638864975,19700,157600
1.0304,5e-05,0.34,2.8021864851481064,19750,158000
1.0563,5e-05,0.34,2.8757111494723864,19800,158400
1.0781,5e-05,0.34,2.939089971700428,19850,158800
1.0735,5e-05,0.34,2.9256012057774106,19900,159200
1.1076,5e-05,0.34,3.0270846662542366,19950,159600
1.0918,5e-05,0.35,2.9796325871099727,20000,160000
1.0752,5e-05,0.35,2.930578957717573,20050,160400
1.0455,5e-05,0.35,2.8448205783976555,20100,160800
1.083,5e-05,0.35,2.9535268540377024,20150,161200
1.0584,5e-05,0.35,2.8817564882703546,20200,161600
1.0599,5e-05,0.35,2.8860823666004056,20250,162000
1.1468,5e-05,0.35,3.1481028450923034,20300,162400
1.0596,5e-05,0.35,2.8852166717511456,20350,162800
1.0648,5e-05,0.35,2.900258874275734,20400,163200
1.0634,5e-05,0.35,2.896201352779524,20450,163600
1.0753,5e-05,0.35,2.930872030266728,20500,164000
1.0429,5e-05,0.36,2.8374336520593624,20550,164400
1.0641,5e-05,0.36,2.8982294034613965,20600,164800
1.0907,5e-05,0.36,2.976356793281066,20650,165200
1.04,5e-05,0.36,2.82921701435156,20700,165600
1.0392,5e-05,0.36,2.826954545848144,20750,166000
1.0632,5e-05,0.36,2.8956221704291334,20800,166400
1.0456,5e-05,0.36,2.8451050746800726,20850,166800
1.04,5e-05,0.36,2.82921701435156,20900,167200
1.0729,5e-05,0.36,2.9238463715568557,20950,167600
1.0514,5e-05,0.36,2.8616546314339044,21000,168000
1.0773,5e-05,0.36,2.936739639981106,21050,168400
1.0747,5e-05,0.36,2.929114034500038,21100,168800
1.0751,5e-05,0.37,2.9302859144742075,21150,169200
1.0429,5e-05,0.37,2.8374336520593624,21200,169600
1.1068,5e-05,0.37,3.024663966930067,21250,170000
0.9934,5e-05,0.37,2.700400242534875,21300,170400
1.0318,5e-05,0.37,2.8061122936520513,21350,170800
1.0509,5e-05,0.37,2.860224161765406,21400,171200
1.0093,5e-05,0.37,2.743679766821724,21450,171600
1.0324,5e-05,0.37,2.8077964662294903,21500,172000
1.0897,5e-05,0.37,2.973381924170246,21550,172400
1.0711,5e-05,0.37,2.918588181878475,21600,172800
1.0812,5e-05,0.37,2.9482152875444014,21650,173200
1.026,5e-05,0.37,2.789883950038779,21700,173600
1.0487,5e-05,0.38,2.85393858527884,21750,174000
1.0171,5e-05,0.38,2.765164149168377,21800,174400
1.0631,5e-05,0.38,2.8953326226897187,21850,174800
1.027,5e-05,0.38,2.7926752293958894,21900,175200
0.9648,5e-05,0.38,2.624262751435534,21950,175600
1.0685,5e-05,0.38,2.9110097088896825,22000,176000
1.0422,5e-05,0.38,2.8354481435119876,22050,176400
1.0391,5e-05,0.38,2.826671864527861,22100,176800
1.0559,5e-05,0.38,2.8745610950388185,22150,177200
1.023,5e-05,0.38,2.78152684012137,22200,177600
1.0325,5e-05,0.38,2.8080772599155637,22250,178000
1.0081,5e-05,0.39,2.740389325761027,22300,178400
1.0352,5e-05,0.39,2.8156693131770667,22350,178800
1.0394,5e-05,0.39,2.827519993300175,22400,179200
1.0308,5e-05,0.39,2.803307583946977,22450,179600
1.0686,5e-05,0.39,2.911300824416105,22500,180000
1.0161,5e-05,0.39,2.762400367140538,22550,180400
1.0039,5e-05,0.39,2.7289038270238573,22600,180800
1.0862,5e-05,0.39,2.962993278171223,22650,181200
1.0723,5e-05,0.39,2.922092589921026,22700,181600
1.0472,5e-05,0.39,2.849660886477091,22750,182000
1.0529,5e-05,0.39,2.8659503343528003,22800,182400
0.998,5e-05,0.39,2.7128506977432196,22850,182800
1.0051,5e-05,0.4,2.7321804772132015,22900,183200
1.0338,5e-05,0.4,2.8117301342072976,22950,183600
1.0153,5e-05,0.4,2.7601913305792656,23000,184000
1.0365,5e-05,0.4,2.8193320635561063,23050,184400
1.0279,5e-05,0.4,2.7951897684752005,23100,184800
0.9866,5e-05,0.4,2.68209981286412,23150,185200
1.0253,5e-05,0.4,2.7879317146358593,23200,185600
1.0663,5e-05,0.4,2.904612527010389,23250,186000
1.0222,5e-05,0.4,2.7793025085005523,23300,186400
1.014,5e-05,0.4,2.756605413200825,23350,186800
1.0432,5e-05,0.4,2.838285009852264,23400,187200
0.98,5e-05,0.41,2.664456241929417,23450,187600
0.9748,5e-05,0.41,2.65063703056022,23500,188000
1.0078,5e-05,0.41,2.739567332268488,23550,188400
0.9869,5e-05,0.41,2.682904563514541,23600,188800
1.0241,5e-05,0.41,2.784588203086447,23650,189200
1.0061,5e-05,0.41,2.7349140242361303,23700,189600
0.9914,5e-05,0.41,2.695004839251556,23750,190000
1.0804,5e-05,0.41,2.945857658491727,23800,190400
1.0631,5e-05,0.41,2.8953326226897187,23850,190800
1.0523,5e-05,0.41,2.86423127992009,23900,191200
1.0103,5e-05,0.41,2.7464248188858233,23950,191600
1.0037,5e-05,0.41,2.7283581008328905,24000,192000
0.9608,5e-05,0.42,2.613786666567637,24050,192400
0.9325,5e-05,0.42,2.540853377507491,24100,192800
1.0205,5e-05,0.42,2.7745817080534074,24150,193200
1.0517,5e-05,0.42,2.8625132566106717,24200,193600
1.041,5e-05,0.42,2.832047646446072,24250,194000
0.9846,5e-05,0.42,2.6767409738636716,24300,194400
0.9836,5e-05,0.42,2.674065570814283,24350,194800
1.0401,5e-05,0.42,2.8294999501995513,24400,195200
1.003,5e-05,0.42,2.726448918454098,24450,195600
1.0739,5e-05,0.42,2.9267716803390282,24500,196000
1.0656,5e-05,0.42,2.902580009705533,24550,196400
0.9845,5e-05,0.43,2.676473313149544,24600,196800
1.087,5e-05,0.43,2.9653646212045013,24650,197200
0.9379,5e-05,0.43,2.5546110981605494,24700,197600
1.0422,5e-05,0.43,2.8354481435119876,24750,198000
0.9643,5e-05,0.43,2.622950948037995,24800,198400
1.0279,5e-05,0.43,2.7951897684752005,24850,198800
1.0406,5e-05,0.43,2.8309150539211,24900,199200
1.0034,5e-05,0.43,2.7275397161664787,24950,199600
0.9878,5e-05,0.43,2.6853202645240986,25000,200000
1.0223,5e-05,0.43,2.7795804526483785,25050,200400
1.0656,5e-05,0.43,2.902580009705533,25100,200800
1.0143,5e-05,0.43,2.7574325188844346,25150,201200
1.0495,5e-05,0.44,2.8562226496509955,25200,201600
0.9809,5e-05,0.44,2.6668553319757358,25250,202000
1.0009,5e-05,0.44,2.7207293833391444,25300,202400
0.9955,5e-05,0.44,2.7060770415969904,25350,202800
0.9768,5e-05,0.44,2.6559436094313518,25400,203200
0.9794,5e-05,0.44,2.6628580476904773,25450,203600
1.0036,5e-05,0.44,2.728085278664143,25500,204000
1.0297,5e-05,0.44,2.8002256409840283,25550,204400
1.0126,5e-05,0.44,2.752748865835402,25600,204800
0.9897,5e-05,0.44,2.690427223100999,25650,205200
1.0049,5e-05,0.44,2.7316340957577254,25700,205600
0.9875,5e-05,0.44,2.6845147892720704,25750,206000
0.9934,5e-05,0.45,2.700400242534875,25800,206400
1.0198,5e-05,0.45,2.772640180471703,25850,206800
1.0142,5e-05,0.45,2.7571567894192492,25900,207200
0.9973,5e-05,0.45,2.7109523667481628,25950,207600
1.0125,5e-05,0.45,2.752473604712104,26000,208000
1.0263,5e-05,0.45,2.790721040781124,26050,208400
1.0282,5e-05,0.45,2.796028451201862,26100,208800
1.032,5e-05,0.45,2.8066735722367695,26150,209200
1.0063,5e-05,0.45,2.735461061742905,26200,209600
0.9782,5e-05,0.45,2.6596645345243695,26250,210000
0.967,5e-05,0.45,2.6300424848643047,26300,210400
1.0186,5e-05,0.46,2.7693150077577857,26350,210800
0.954,5e-05,0.46,2.59607321123889,26400,211200
0.9499,5e-05,0.46,2.5854511012780317,26450,211600
1.0075,5e-05,0.46,2.73874558533701,26500,212000
0.9934,5e-05,0.46,2.700400242534875,26550,212400
1.0016,5e-05,0.46,2.722634560641743,26600,212800
0.9875,5e-05,0.46,2.6845147892720704,26650,213200
0.9856,5e-05,0.46,2.6794190536542573,26700,213600
1.0195,5e-05,0.46,2.7718085131738937,26750,214000
0.9964,5e-05,0.46,2.7085136072244915,26800,214400
1.0279,5e-05,0.46,2.7951897684752005,26850,214800
1.0371,5e-05,0.46,2.8210241703755226,26900,215200
1.0729,5e-05,0.47,2.9238463715568557,26950,215600
0.9919,5e-05,0.47,2.69635267860294,27000,216000
1.0081,5e-05,0.47,2.740389325761027,27050,216400
1.026,5e-05,0.47,2.789883950038779,27100,216800
0.9355,5e-05,0.47,2.548487382922633,27150,217200
1.0012,5e-05,0.47,2.721545724599213,27200,217600
0.9765,5e-05,0.47,2.655146945854034,27250,218000
0.9841,5e-05,0.47,2.675402937913603,27300,218400
1.0048,5e-05,0.47,2.7313609460058648,27350,218800
0.9896,5e-05,0.47,2.690158193830377,27400,219200
1.0224,5e-05,0.47,2.7798584245920086,27450,219600
1.0022,5e-05,0.48,2.7242686315503786,27500,220000
0.9496,5e-05,0.48,2.5846755822813146,27550,220400
0.9145,5e-05,0.48,2.4955271763238325,27600,220800
1.0108,5e-05,0.48,2.7477983746555927,27650,221200
1.0392,5e-05,0.48,2.826954545848144,27700,221600
0.9556,5e-05,0.48,2.6002302531235446,27750,222000
1.042,5e-05,0.48,2.8348811105884675,27800,222400
0.9668,5e-05,0.48,2.629516528964675,27850,222800
0.9724,5e-05,0.48,2.644283129418118,27900,223200
0.948,5e-05,0.48,2.580543407970643,27950,223600
0.983,5e-05,0.48,2.672461612707345,28000,224000
1.0184,5e-05,0.48,2.7687612001388424,28050,224400
0.9495,5e-05,0.49,2.5844171276460335,28100,224800
0.9867,5e-05,0.49,2.6823680362563525,28150,225200
0.9473,5e-05,0.49,2.5787376596707037,28200,225600
1.0111,5e-05,0.49,2.7486228378312827,28250,226000
0.986,5e-05,0.49,2.6804910356578264,28300,226400
0.9514,5e-05,0.49,2.5893321880172997,28350,226800
0.997,5e-05,0.49,2.7101392030187967,28400,227200
0.9635,5e-05,0.49,2.6208534264000876,28450,227600
0.9535,5e-05,0.49,2.594775499088344,28500,228000
0.9843,5e-05,0.49,2.6759380720128116,28550,228400
1.0544,5e-05,0.49,2.8702524856611573,28600,228800
0.9658,5e-05,0.5,2.626888326755832,28650,229200
0.9401,5e-05,0.5,2.5602374292714383,28700,229600
0.9618,5e-05,0.5,2.616401760563278,28750,230000
0.977,5e-05,0.5,2.6564748512756515,28800,230400
0.964,5e-05,0.5,2.6221641807745737,28850,230800
0.9978,5e-05,0.5,2.7123081818570682,28900,231200
0.9645,5e-05,0.5,2.623475590690119,28950,231600
0.9769,5e-05,0.5,2.6562092170724556,29000,232000
0.9855,5e-05,0.5,2.6791511251455407,29050,232400
1.0078,5e-05,0.5,2.739567332268488,29100,232800
0.9546,5e-05,0.5,2.5976313225522842,29150,233200
0.9907,5e-05,0.5,2.6931189959862283,29200,233600
1.0035,5e-05,0.51,2.7278124837762485,29250,234000
0.9699,5e-05,0.51,2.6376806780974995,29300,234400
1.0314,5e-05,0.51,2.8049900731936455,29350,234800
0.996,5e-05,0.51,2.7074304184338023,29400,235200
0.9876,5e-05,0.51,2.684783254174019,29450,235600
0.9376,5e-05,0.51,2.553844829777106,29500,236000
1.0215,5e-05,0.51,2.7773576775148614,29550,236400
0.9875,5e-05,0.51,2.6845147892720704,29600,236800
0.9645,5e-05,0.51,2.623475590690119,29650,237200
1.019,5e-05,0.51,2.770422955335632,29700,237600
0.9456,5e-05,0.51,2.5743575298145225,29750,238000
0.9998,5e-05,0.51,2.717738226455366,29800,238400
0.9581,5e-05,0.52,2.6067389612515615,29850,238800
0.9648,5e-05,0.52,2.624262751435534,29900,239200
0.954,5e-05,0.52,2.59607321123889,29950,239600
0.9935,5e-05,0.52,2.70067029606158,30000,240000
0.9943,5e-05,0.52,2.702831696743427,30050,240400
0.9675,5e-05,0.52,2.631357834916847,30100,240800
1.0321,5e-05,0.52,2.8069542536278287,30150,241200
0.9393,5e-05,0.52,2.5581900583855686,30200,241600
0.9885,5e-05,0.52,2.687200646766268,30250,242000
0.9578,5e-05,0.52,2.60595705685471,30300,242400
0.9682,5e-05,0.52,2.6332004302344103,30350,242800
0.8908,5e-05,0.53,2.4370785344602344,30400,243200
0.9714,5e-05,0.53,2.641640167989661,30450,243600
1.0057,5e-05,0.53,2.7338202773903886,30500,244000
0.9368,5e-05,0.53,2.5518025709257453,30550,244400
0.9638,5e-05,0.53,2.6216398003782064,30600,244800
1.0012,5e-05,0.53,2.721545724599213,30650,245200
0.9132,5e-05,0.53,2.4922850988015934,30700,245600
1.027,5e-05,0.53,2.7926752293958894,30750,246000
0.9447,5e-05,0.53,2.572041650339775,30800,246400
0.9321,5e-05,0.53,2.5398372393976585,30850,246800
0.972,5e-05,0.53,2.643225627680798,30900,247200
0.9272,5e-05,0.53,2.527422477930064,30950,247600
0.9777,5e-05,0.54,2.6583350346597716,31000,248000
0.9643,5e-05,0.54,2.622950948037995,31050,248400
0.9568,5e-05,0.54,2.603352402342166,31100,248800
0.9585,5e-05,0.54,2.607781865402987,31150,249200
0.959,5e-05,0.54,2.609086082362757,31200,249600
0.9327,5e-05,0.54,2.541361599003448,31250,250000
0.9188,5e-05,0.54,2.506281047434996,31300,250400
0.9337,5e-05,0.54,2.543904231706917,31350,250800
0.9111,5e-05,0.54,2.48705679173793,31400,251200
0.9826,5e-05,0.54,2.671392841830688,31450,251600
0.9558,5e-05,0.54,2.600750351182241,31500,252000
0.9913,5e-05,0.55,2.694735352242206,31550,252400
0.9175,5e-05,0.55,2.5030249989633973,31600,252800
0.9527,5e-05,0.55,2.5927005087958563,31650,253200
0.9638,5e-05,0.55,2.6216398003782064,31700,253600
0.9855,5e-05,0.55,2.6791511251455407,31750,254000
0.9628,5e-05,0.55,2.6190194709608976,31800,254400
0.9189,5e-05,0.55,2.5065316880715627,31850,254800
0.9147,5e-05,0.55,2.4960263316729683,31900,255200
0.9295,5e-05,0.55,2.5332422397898973,31950,255600
0.915,5e-05,0.55,2.496775251904888,32000,256000
0.9541,5e-05,0.55,2.5963328315408125,32050,256400
0.9524,5e-05,0.55,2.5919228153030742,32100,256800
0.9705,5e-05,0.56,2.639263761381851,32150,257200
0.9258,5e-05,0.56,2.5238865621795203,32200,257600
0.9713,5e-05,0.56,2.6413760171806224,32250,258000
0.9827,5e-05,0.56,2.6716599944722805,32300,258400
0.9734,5e-05,0.56,2.646928735129925,32350,258800
1.0039,5e-05,0.56,2.7289038270238573,32400,259200
0.9903,5e-05,0.56,2.6920419638086295,32450,259600
0.9847,5e-05,0.56,2.677008661345209,32500,260000
0.9557,5e-05,0.56,2.6004902891504416,32550,260400
0.942,5e-05,0.56,2.5651065045437824,32600,260800
0.9756,5e-05,0.56,2.6527583886147506,32650,261200
0.9639,5e-05,0.57,2.62190197746688,32700,261600
0.9559,5e-05,0.57,2.601010439221545,32750,262000
0.9166,5e-05,0.57,2.5007732898854056,32800,262400
0.9527,5e-05,0.57,2.5927005087958563,32850,262800
0.9325,5e-05,0.57,2.540853377507491,32900,263200
0.9648,5e-05,0.57,2.624262751435534,32950,263600
0.9521,5e-05,0.57,2.591145355083347,33000,264000
0.9517,5e-05,0.57,2.590109104205306,33050,264400
0.9517,5e-05,0.57,2.590109104205306,33050,264400
0.9081,5e-05,0.57,2.4796068019349122,33100,264800
0.9081,5e-05,0.57,2.4796068019349122,33100,264800
0.9575,5e-05,0.57,2.605175386993995,33150,265200
0.9575,5e-05,0.57,2.605175386993995,33150,265200
0.9463,5e-05,0.57,2.5761602109501807,33200,265600
0.9463,5e-05,0.57,2.5761602109501807,33200,265600
0.9556,5e-05,0.57,2.6002302531235446,33250,266000
0.9556,5e-05,0.57,2.6002302531235446,33250,266000
0.8912,5e-05,0.58,2.438053560866299,33300,266400
0.8912,5e-05,0.58,2.438053560866299,33300,266400
0.9674,5e-05,0.58,2.631094712289706,33350,266800
0.9835,5e-05,0.58,2.673798177627084,33400,267200
0.9612,5e-05,0.58,2.614832390365081,33450,267600
0.9647,5e-05,0.58,2.6240003382812667,33500,268000
0.935,5e-05,0.58,2.5472134577390078,33550,268400
0.9462,5e-05,0.58,2.5759026078094576,33600,268800
0.9808,5e-05,0.58,2.6665886597763704,33650,269200
0.9319,5e-05,0.58,2.539329322743137,33700,269600
0.95,5e-05,0.58,2.585709659315846,33750,270000
0.9533,5e-05,0.58,2.594256595880577,33800,270400
0.9633,5e-05,0.58,2.620329308128382,33850,270800
0.9965,5e-05,0.59,2.7087844721282335,33900,271200
0.9423,5e-05,0.59,2.5658761519364823,33950,271600
0.9575,5e-05,0.59,2.605175386993995,34000,272000
0.9438,5e-05,0.59,2.569727854218905,34050,272400
0.9669,5e-05,0.59,2.6297794937655925,34100,272800
0.9526,5e-05,0.59,2.5924412517080473,34150,273200
0.8634,5e-05,0.59,2.3712091146266494,34200,273600
0.9773,5e-05,0.59,2.6572719132843576,34250,274000
0.9636,5e-05,0.59,2.6211155248474314,34300,274400
0.9435,5e-05,0.59,2.5689570514888294,34350,274800
0.9726,5e-05,0.59,2.64481203893319,34400,275200
0.9292,5e-05,0.6,2.5324823811024624,34450,275600
0.9369,5e-05,0.6,2.552057763942276,34500,276000
0.9516,5e-05,0.6,2.5898501062449997,34550,276400
0.9702,5e-05,0.6,2.6384721010084298,34600,276800
0.9584,5e-05,0.6,2.6075211002549215,34650,277200
0.9013,5e-05,0.6,2.462802674467,34700,277600
0.8895,5e-05,0.6,2.4339123908047102,34750,278000
0.9335,5e-05,0.6,2.5433955017352687,34800,278400
0.9635,5e-05,0.6,2.6208534264000876,34850,278800
0.8922,5e-05,0.6,2.4404928338603895,34900,279200
0.9171,5e-05,0.6,2.5020239891791154,34950,279600
0.9063,5e-05,0.6,2.4751475242453544,35000,280000
0.9349,5e-05,0.61,2.5469587491288763,35050,280400
0.9125,5e-05,0.61,2.490541109699831,35100,280800
0.9227,5e-05,0.61,2.5160746285898834,35150,281200
0.9406,5e-05,0.61,2.5615178680690973,35200,281600
0.9188,5e-05,0.61,2.506281047434996,35250,282000
0.8904,5e-05,0.61,2.4361038979867398,35300,282400
0.9095,5e-05,0.61,2.4830806826066905,35350,282800
0.94,5e-05,0.61,2.5599814183292713,35400,283200
0.9728,5e-05,0.61,2.645341054240744,35450,283600
0.9183,5e-05,0.61,2.505028220144202,35500,284000
0.9366,5e-05,0.61,2.5512922614442095,35550,284400
0.8615,5e-05,0.62,2.366708094631911,35600,284800
0.9304,5e-05,0.62,2.5355231840766734,35650,285200
0.9454,5e-05,0.62,2.573842709792278,35700,285600
0.9312,5e-05,0.62,2.5375524142077617,35750,286000
0.924,5e-05,0.62,2.519347652611714,35800,286400
0.9445,5e-05,0.62,2.5715272934471107,35850,286800
0.8993,5e-05,0.62,2.4578819914413192,35900,287200
0.943,5e-05,0.62,2.567672894029203,35950,287600
0.9083,5e-05,0.62,2.480102772890741,36000,288000
0.9176,5e-05,0.62,2.5032753139788357,36050,288400
0.8959,5e-05,0.62,2.44953938314124,36100,288800
0.9762,5e-05,0.62,2.6543505212399428,36150,289200
0.9361,5e-05,0.63,2.550016934171875,36200,289600
0.9085,5e-05,0.63,2.480598843050682,36250,290000
0.9133,5e-05,0.63,2.4925343397733144,36300,290400
0.9359,5e-05,0.63,2.549506981781979,36350,290800
0.9414,5e-05,0.63,2.563567902267897,36400,291200
0.9155,5e-05,0.63,2.4980239516797695,36450,291600
0.8833,5e-05,0.63,2.418868817249293,36500,292000
0.9033,5e-05,0.63,2.4677332087066626,36550,292400
0.9188,5e-05,0.63,2.506281047434996,36600,292800
0.9051,5e-05,0.63,2.472179128609849,36650,293200
0.8858,5e-05,0.63,2.4249235545605465,36700,293600
0.919,5e-05,0.64,2.506782353773446,36750,294000
0.8763,5e-05,0.64,2.401995859777552,36800,294400
0.9215,5e-05,0.64,2.513057149884896,36850,294800
0.9512,5e-05,0.64,2.588814373362888,36900,295200
0.9444,5e-05,0.64,2.571270153574974,36950,295600
0.9241,5e-05,0.64,2.519599599974133,37000,296000
0.9111,5e-05,0.64,2.48705679173793,37050,296400
0.9319,5e-05,0.64,2.539329322743137,37100,296800
0.8918,5e-05,0.64,2.439516831940243,37150,297200
0.9043,5e-05,0.64,2.4702021761933652,37200,297600
0.8866,5e-05,0.64,2.4268642695867007,37250,298000
0.8744,5e-05,0.64,2.397436400501924,37300,298400
0.9082,5e-05,0.65,2.479854775013553,37350,298800
0.9288,5e-05,0.65,2.5314695907216014,37400,299200
0.9335,5e-05,0.65,2.5433955017352687,37450,299600
0.9159,5e-05,0.65,2.499023361129006,37500,300000
0.9187,5e-05,0.65,2.50603043186124,37550,300400
0.9141,5e-05,0.65,2.494529165068861,37600,300800
0.9402,5e-05,0.65,2.5604934658159793,37650,301200
0.9504,5e-05,0.65,2.586744150063929,37700,301600
0.9379,5e-05,0.65,2.5546110981605494,37750,302000
0.9138,5e-05,0.65,2.493780918561928,37800,302400
0.9089,5e-05,0.65,2.481591281062272,37850,302800
0.9158,5e-05,0.65,2.4987734712875933,37900,303200
0.9672,5e-05,0.66,2.6305685459656343,37950,303600
0.9032,5e-05,0.66,2.4674864477240464,38000,304000
0.9488,5e-05,0.66,2.5826086686911607,38050,304400
0.8917,5e-05,0.66,2.4392728924542264,38100,304800
0.948,5e-05,0.66,2.580543407970643,38150,305200
0.9199,5e-05,0.66,2.509039473443338,38200,305600
0.9289,5e-05,0.66,2.531722750338443,38250,306000
0.884,5e-05,0.66,2.4205626181825304,38300,306400
0.9578,5e-05,0.66,2.60595705685471,38350,306800
0.8977,5e-05,0.66,2.453952524666719,38400,307200
0.9436,5e-05,0.66,2.5692139600391917,38450,307600
0.9034,5e-05,0.67,2.4679799943666105,38500,308000
0.9517,5e-05,0.67,2.590109104205306,38550,308400
0.9286,5e-05,0.67,2.530963347429474,38600,308800
0.887,5e-05,0.67,2.427835209469566,38650,309200
0.9203,5e-05,0.67,2.510043289982639,38700,309600
0.8996,5e-05,0.67,2.4586194666545027,38750,310000
0.9109,5e-05,0.67,2.4865594301174023,38800,310400
0.8976,5e-05,0.67,2.453707141683606,38850,310800
0.9319,5e-05,0.67,2.539329322743137,38900,311200
0.9264,5e-05,0.67,2.5254013485072826,38950,311600
0.9343,5e-05,0.67,2.5454310322402973,39000,312000
0.9254,5e-05,0.67,2.5228772094386547,39050,312400
0.9329,5e-05,0.68,2.541869922153869,39100,312800
0.9096,5e-05,0.68,2.4833290030907684,39150,313200
0.9131,5e-05,0.68,2.4920358827527234,39200,313600
0.9142,5e-05,0.68,2.494778630458429,39250,314000
0.865,5e-05,0.68,2.375006085977112,39300,314400
0.9167,5e-05,0.68,2.5010233797186774,39350,314800
0.8517,5e-05,0.68,2.3436276342805615,39400,315200
0.8813,5e-05,0.68,2.414035914128882,39450,315600
0.9182,5e-05,0.68,2.504777729846911,39500,316000
0.9341,5e-05,0.68,2.544921996939076,39550,316400
0.8809,5e-05,0.68,2.413070492860357,39600,316800
0.8883,5e-05,0.69,2.4309934476519097,39650,317200
0.9083,5e-05,0.69,2.480102772890741,39700,317600
0.8859,5e-05,0.69,2.4251660590410244,39750,318000
0.9389,5e-05,0.69,2.557166986990134,39800,318400
0.9206,5e-05,0.69,2.5107964159328775,39850,318800
0.8988,5e-05,0.69,2.4566533576296483,39900,319200
0.9039,5e-05,0.69,2.469214292912716,39950,319600
0.9389,5e-05,0.69,2.557166986990134,40000,320000
0.8981,5e-05,0.69,2.454934302018966,40050,320400
0.9024,5e-05,0.69,2.4655132479510136,40100,320800
0.9182,5e-05,0.69,2.504777729846911,40150,321200
0.92,5e-05,0.69,2.509290389936298,40200,321600
0.8717,5e-05,0.7,2.3909720530167644,40250,322000
0.8436,5e-05,0.7,2.3247209259838053,40300,322400
0.8956,5e-05,0.7,2.4488046315445477,40350,322800
0.867,5e-05,0.7,2.3797608513294968,40400,323200
0.8984,5e-05,0.7,2.455670892792663,40450,323600
0.8786,5e-05,0.7,2.4075268084077392,40500,324000
0.9201,5e-05,0.7,2.5095413315221617,40550,324400
0.887,5e-05,0.7,2.427835209469566,40600,324800
0.9143,5e-05,0.7,2.495028120795784,40650,325200
0.9245,5e-05,0.7,2.520607641408969,40700,325600
0.909,5e-05,0.7,2.481839452598748,40750,326000
0.8683,5e-05,0.71,2.382856552205817,40800,326400
0.8931,5e-05,0.71,2.442690266107048,40850,326800
0.9139,5e-05,0.71,2.4940303091231044,40900,327200
0.936,5e-05,0.71,2.5497619452281173,40950,327600
0.8809,5e-05,0.71,2.413070492860357,41000,328000
0.9291,5e-05,0.71,2.532229145526342,41050,328400
0.9498,5e-05,0.71,2.585192569094729,41100,328800
0.8745,5e-05,0.71,2.397676156129556,41150,329200
0.9348,5e-05,0.71,2.5467040659883327,41200,329600
0.9255,5e-05,0.71,2.523129509774405,41250,330000
0.9225,5e-05,0.71,2.5155714639823037,41300,330400
0.9264,5e-05,0.71,2.5254013485072826,41350,330800
0.9201,5e-05,0.72,2.5095413315221617,41400,331200
0.9456,5e-05,0.72,2.5743575298145225,41450,331600
0.8665,5e-05,0.72,2.3785712683243663,41500,332000
0.887,5e-05,0.72,2.427835209469566,41550,332400
0.9113,5e-05,0.72,2.4875542528407295,41600,332800
0.8441,5e-05,0.72,2.3258835770853508,41650,333200
0.9142,5e-05,0.72,2.494778630458429,41700,333600
0.8926,5e-05,0.72,2.441469226259395,41750,334000
0.9071,5e-05,0.72,2.4771284345232134,41800,334400
0.8727,5e-05,0.72,2.393364220954403,41850,334800
0.9127,5e-05,0.72,2.4910392677359137,41900,335200
0.9179,5e-05,0.72,2.504026409231684,41950,335600
0.913,5e-05,0.73,2.4917866916242124,42000,336000
0.9113,5e-05,0.73,2.4875542528407295,42050,336400
0.9088,5e-05,0.73,2.4813431343417087,42100,336800
0.859,5e-05,0.73,2.3607987141986744,42150,337200
0.8809,5e-05,0.73,2.413070492860357,42200,337600
0.8765,5e-05,0.73,2.402476306992628,42250,338000
0.9021,5e-05,0.73,2.4647737049136307,42300,338400
0.8794,5e-05,0.73,2.4094536004685274,42350,338800
0.9251,5e-05,0.73,2.5221204597939457,42400,339200
0.8773,5e-05,0.73,2.4043990570356923,42450,339600
0.892,5e-05,0.73,2.4400047841002204,42500,340000
0.888,5e-05,0.74,2.4302642590013805,42550,340400
0.8908,5e-05,0.74,2.4370785344602344,42600,340800
0.8613,5e-05,0.74,2.3662348003439906,42650,341200
0.8719,5e-05,0.74,2.3914502952499967,42700,341600
0.911,5e-05,0.74,2.4868080984936256,42750,342000
0.9224,5e-05,0.74,2.5153199194133435,42800,342400
0.9014,5e-05,0.74,2.4630489670488704,42850,342800
0.896,5e-05,0.74,2.4497843493276594,42900,343200
0.9069,5e-05,0.74,2.476633058375575,42950,343600
0.9108,5e-05,0.74,2.486310786606773,43000,344000
0.8711,5e-05,0.74,2.389537900073862,43050,344400
0.9144,5e-05,0.74,2.49527763608342,43100,344800
0.8893,5e-05,0.75,2.4334256570015524,43150,345200
0.9,5e-05,0.75,2.45960311115695,43200,345600
0.8679,5e-05,0.75,2.381903600188044,43250,346000
0.9056,5e-05,0.75,2.473415527248055,43300,346400
0.8826,5e-05,0.75,2.417176201561824,43350,346800
0.8786,5e-05,0.75,2.4075268084077392,43400,347200
0.8129,5e-05,0.75,2.2544363814349166,43450,347600
0.8806,5e-05,0.75,2.412346680289813,43500,348000
0.8951,5e-05,0.75,2.447580535278344,43550,348400
0.8709,5e-05,0.75,2.3890600402814193,43600,348800
0.8522,5e-05,0.75,2.3447997410999877,43650,349200
0.8741,5e-05,0.76,2.3967172774556236,43700,349600
0.9169,5e-05,0.76,2.5015236344184237,43750,350000
0.8639,5e-05,0.76,2.3723950156345084,43800,350400
0.8394,5e-05,0.76,2.3149775734577025,43850,350800
0.8506,5e-05,0.76,2.34105106125782,43900,351200
0.9086,5e-05,0.76,2.4808469153383945,43950,351600
0.899,5e-05,0.76,2.457144737437517,44000,352000
0.8903,5e-05,0.76,2.4358602997770546,44050,352400
0.8363,5e-05,0.76,2.307812254961877,44100,352800
0.8959,5e-05,0.76,2.44953938314124,44150,353200
0.8625,5e-05,0.76,2.36907598647514,44200,353600
0.8843,5e-05,0.76,2.4212888959041963,44250,354000
0.8742,5e-05,0.77,2.3969569611673553,44300,354400
0.8798,5e-05,0.77,2.4104175746907064,44350,354800
0.8913,5e-05,0.77,2.43829737841306,44400,355200
0.8766,5e-05,0.77,2.402716566636109,44450,355600
0.8403,5e-05,0.77,2.3170619911210646,44500,356000
0.8586,5e-05,0.77,2.3598545835517126,44550,356400
0.8578,5e-05,0.77,2.357967454837004,44600,356800
0.8365,5e-05,0.77,2.3082738635721918,44650,357200
0.935,5e-05,0.77,2.5472134577390078,44700,357600
0.8851,5e-05,0.77,2.4232267020400244,44750,358000
0.8754,5e-05,0.77,2.3998350360202987,44800,358400
0.8329,5e-05,0.78,2.2999790173449726,44850,358800
0.885,5e-05,0.78,2.4229843914855502,44900,359200
0.8779,5e-05,0.78,2.4058421293483154,44950,359600
0.8484,5e-05,0.78,2.33590641011432,45000,360000
0.8616,5e-05,0.78,2.3669447772753087,45050,360400
0.8815,5e-05,0.78,2.414518769595645,45100,360800
0.919,5e-05,0.78,2.506782353773446,45150,361200
0.869,5e-05,0.78,2.38452513572846,45200,361600
0.8518,5e-05,0.78,2.3438620087625184,45250,362000
0.8834,5e-05,0.78,2.419110716225765,45300,362400
0.8406,5e-05,0.78,2.317757213996618,45350,362800
0.914,5e-05,0.78,2.494279724624584,45400,363200
0.8965,5e-05,0.79,2.4510095477764104,45450,363600
0.8856,5e-05,0.79,2.4244386183448725,45500,364000
0.8837,5e-05,0.79,2.419836558311502,45550,364400
0.8695,5e-05,0.79,2.38571769641165,45600,364800
0.8918,5e-05,0.79,2.439516831940243,45650,365200
0.8643,5e-05,0.79,2.3733441634576713,45700,365600
0.8819,5e-05,0.79,2.4154847702907425,45750,366000
0.8693,5e-05,0.79,2.3852406005835407,45800,366400
0.8787,5e-05,0.79,2.4077675731266153,45850,366800
0.9112,5e-05,0.79,2.487305509852802,45900,367200
0.82,5e-05,0.79,2.2704998375324057,45950,367600
0.8042,5e-05,0.79,2.234907857172984,46000,368000
0.8547,5e-05,0.8,2.3506690740619964,46050,368400
0.8855,5e-05,0.8,2.424196186604827,46100,368800
0.8654,5e-05,0.8,2.3759562784373256,46150,369200
0.8883,5e-05,0.8,2.4309934476519097,46200,369600
0.8831,5e-05,0.8,2.4183850918599945,46250,370000
0.8996,5e-05,0.8,2.4586194666545027,46300,370400
0.9101,5e-05,0.8,2.484570978060182,46350,370800
0.8392,5e-05,0.8,2.3145146242394756,46400,371200
0.9324,5e-05,0.8,2.5405993048735835,46450,371600
0.9121,5e-05,0.8,2.4895450924726767,46500,372000
0.8795,5e-05,0.8,2.4096945578762434,46550,372400
0.8577,5e-05,0.81,2.3577316698809647,46600,372800
0.8928,5e-05,0.81,2.441957568937287,46650,373200
0.9082,5e-05,0.81,2.479854775013553,46700,373600
0.8824,5e-05,0.81,2.416692814661813,46750,374000
0.861,5e-05,0.81,2.365525036373806,46800,374400
0.833,5e-05,0.81,2.3002090267469857,46850,374800
0.913,5e-05,0.81,2.4917866916242124,46900,375200
0.9197,5e-05,0.81,2.508537715726093,46950,375600
0.8584,5e-05,0.81,2.359382659828948,47000,376000
0.8507,5e-05,0.81,2.341285178069591,47050,376400
0.9088,5e-05,0.81,2.4813431343417087,47100,376800
0.8484,5e-05,0.81,2.33590641011432,47150,377200
0.8941,5e-05,0.82,2.4451341781255054,47200,377600
0.855,5e-05,0.82,2.351374380574902,47250,378000
0.8764,5e-05,0.82,2.4022360713739097,47300,378400
0.823,5e-05,0.82,2.2773215645191884,47350,378800
0.8579,5e-05,0.82,2.358203263372718,47400,379200
0.8867,5e-05,0.82,2.4271069681483852,47450,379600
0.8578,5e-05,0.82,2.357967454837004,47500,380000
0.8618,5e-05,0.82,2.3674182135728152,47550,380400
0.8669,5e-05,0.82,2.3795228871427714,47600,380800
0.8666,5e-05,0.82,2.3788091373444518,47650,381200
0.8421,5e-05,0.82,2.321236458598706,47700,381600
0.8823,5e-05,0.83,2.416451157463408,47750,382000
0.8327,5e-05,0.83,2.2995190675380175,47800,382400
0.9158,5e-05,0.83,2.4987734712875933,47850,382800
0.871,5e-05,0.83,2.3892989582311457,47900,383200
0.8992,5e-05,0.83,2.4576362155311755,47950,383600
0.9267,5e-05,0.83,2.5261590825662608,48000,384000
0.8519,5e-05,0.83,2.344096406683095,48050,384400
0.8996,5e-05,0.83,2.4586194666545027,48100,384800
0.8436,5e-05,0.83,2.3247209259838053,48150,385200
0.8747,5e-05,0.83,2.398155739317502,48200,385600
0.8385,5e-05,0.83,2.312895030926301,48250,386000
0.8346,5e-05,0.83,2.303892307028239,48300,386400
0.8174,5e-05,0.84,2.2646042055975424,48350,386800
0.8555,5e-05,0.84,2.35255036173598,48400,387200
0.8207,5e-05,0.84,2.2720897438209584,48450,387600
0.8931,5e-05,0.84,2.442690266107048,48500,388000
0.894,5e-05,0.84,2.4448896769329562,48550,388400
0.8601,5e-05,0.84,2.363397021591363,48600,388800
0.862,5e-05,0.84,2.367891744567051,48650,389200
0.8733,5e-05,0.84,2.394800670378709,48700,389600
0.8403,5e-05,0.84,2.3170619911210646,48750,390000
0.8477,5e-05,0.84,2.3342718477907973,48800,390400
0.847,5e-05,0.84,2.3326384292605273,48850,390800
0.8525,5e-05,0.84,2.3455032865488583,48900,391200
0.858,5e-05,0.85,2.3584390954904646,48950,391600
0.8775,5e-05,0.85,2.4048799849382867,49000,392000
0.8541,5e-05,0.85,2.3492590956533808,49050,392400
0.8541,5e-05,0.85,2.3492590956533808,49050,392400
0.8622,5e-05,0.85,2.3683653702769565,49100,392800
0.8622,5e-05,0.85,2.3683653702769565,49100,392800
0.791,5e-05,0.85,2.2056009247477304,49150,393200
0.791,5e-05,0.85,2.2056009247477304,49150,393200
0.8347,5e-05,0.85,2.3041227077787876,49200,393600
0.8347,5e-05,0.85,2.3041227077787876,49200,393600
0.8908,5e-05,0.85,2.4370785344602344,49250,394000
0.8908,5e-05,0.85,2.4370785344602344,49250,394000
0.8343,5e-05,0.85,2.303201243000918,49300,394400
0.8343,5e-05,0.85,2.303201243000918,49300,394400
0.8562,5e-05,0.85,2.3541977234985447,49350,394800
0.8562,5e-05,0.85,2.3541977234985447,49350,394800
0.8679,5e-05,0.85,2.381903600188044,49400,395200
0.8679,5e-05,0.85,2.381903600188044,49400,395200
0.8841,5e-05,0.85,2.420804686547565,49450,395600
0.8841,5e-05,0.85,2.420804686547565,49450,395600
0.891,5e-05,0.86,2.4375659989119467,49500,396000
0.8643,5e-05,0.86,2.3733441634576713,49550,396400
0.86,5e-05,0.86,2.3631606937057947,49600,396800
0.8087,5e-05,0.86,2.244987604953199,49650,397200
0.8737,5e-05,0.86,2.395758782256461,49700,397600
0.8405,5e-05,0.86,2.317525449863618,49750,398000
0.8536,5e-05,0.86,2.3480847597140047,49800,398400
0.8472,5e-05,0.86,2.3331050036022583,49850,398800
0.8643,5e-05,0.86,2.3733441634576713,49900,399200
0.8582,5e-05,0.86,2.358910830481489,49950,399600
0.8589,5e-05,0.86,2.3605626461308544,50000,400000
0.8801,5e-05,0.86,2.411140808442752,50050,400400
0.8983,5e-05,0.87,2.455425337981329,50100,400800
0.8708,5e-05,0.87,2.388821146222293,50150,401200
0.8618,5e-05,0.87,2.3674182135728152,50200,401600
0.8764,5e-05,0.87,2.4022360713739097,50250,402000
0.8353,5e-05,0.87,2.305505596228503,50300,402400
0.8096,5e-05,0.87,2.2470090032904646,50350,402800
0.8463,5e-05,0.87,2.3310061537231346,50400,403200
0.8313,5e-05,0.87,2.296301993320872,50450,403600
0.8461,5e-05,0.87,2.330539999109405,50500,404000
0.8497,5e-05,0.87,2.338945063143994,50550,404400
0.832,5e-05,0.87,2.2979099674414796,50600,404800
0.8183,5e-05,0.88,2.266643266822495,50650,405200
0.8302,5e-05,0.88,2.2937774498816688,50700,405600
0.832,5e-05,0.88,2.2979099674414796,50750,406000
0.8682,5e-05,0.88,2.382618278464482,50800,406400
0.8515,5e-05,0.88,2.3431589556231334,50850,406800
0.8109,5e-05,0.88,2.249932014540397,50900,407200
0.8757,5e-05,0.88,2.400555094534482,50950,407600
0.8505,5e-05,0.88,2.340816967856559,51000,408000
0.8537,5e-05,0.88,2.348319579930791,51050,408400
0.8789,5e-05,0.88,2.4082491747998023,51100,408800
0.8399,5e-05,0.88,2.3161353516648626,51150,409200
0.8775,5e-05,0.88,2.4048799849382867,51200,409600
0.8795,5e-05,0.89,2.4096945578762434,51250,410000
0.8083,5e-05,0.89,2.2440897894862823,51300,410400
0.8349,5e-05,0.89,2.30458357840587,51350,410800
0.821,5e-05,0.89,2.272771472998368,51400,411200
0.8951,5e-05,0.89,2.447580535278344,51450,411600
0.8165,5e-05,0.89,2.2625669787021203,51500,412000
0.8109,5e-05,0.89,2.249932014540397,51550,412400
0.8866,5e-05,0.89,2.4268642695867007,51600,412800
0.8568,5e-05,0.89,2.355610665972998,51650,413200
0.8591,5e-05,0.89,2.361034805874481,51700,413600
0.8656,5e-05,0.89,2.3764315172153068,51750,414000
0.8745,5e-05,0.9,2.397676156129556,51800,414400
0.8529,5e-05,0.9,2.3464416755287623,51850,414800
0.8442,5e-05,0.9,2.3261161770728647,51900,415200
0.8797,5e-05,0.9,2.4101765449849233,51950,415600
0.861,5e-05,0.9,2.365525036373806,52000,416000
0.8826,5e-05,0.9,2.417176201561824,52050,416400
0.8262,5e-05,0.9,2.284620665859229,52100,416800
0.847,5e-05,0.9,2.3326384292605273,52150,417200
0.8272,5e-05,0.9,2.286906429216286,52200,417600
0.8554,5e-05,0.9,2.3523151184621662,52250,418000
0.8465,5e-05,0.9,2.3314724015771104,52300,418400
0.8231,5e-05,0.9,2.2775493080626283,52350,418800
0.8413,5e-05,0.91,2.3193802120294547,52400,419200
0.8344,5e-05,0.91,2.3034315746416083,52450,419600
0.8575,5e-05,0.91,2.3572601706984786,52500,420000
0.8017,5e-05,0.91,2.229327565800668,52550,420400
0.8513,5e-05,0.91,2.342690370692064,52600,420800
0.8801,5e-05,0.91,2.411140808442752,52650,421200
0.8495,5e-05,0.91,2.338477320907148,52700,421600
0.8382,5e-05,0.91,2.312201266486892,52750,422000
0.8486,5e-05,0.91,2.3363736381175855,52800,422400
0.8539,5e-05,0.91,2.3487892908163,52850,422800
0.8326,5e-05,0.91,2.2992891271284757,52900,423200
0.797,5e-05,0.91,2.218874310633741,52950,423600
0.8231,5e-05,0.92,2.2775493080626283,53000,424000
0.8398,5e-05,0.92,2.3159037497099866,53050,424400
0.8171,5e-05,0.92,2.2639249262328627,53100,424800
0.8275,5e-05,0.92,2.2875926040661323,53150,425200
0.8095,5e-05,0.92,2.246784313624806,53200,425600
0.8404,5e-05,0.92,2.317293708905873,53250,426000
0.8222,5e-05,0.92,2.2755004358161814,53300,426400
0.8332,5e-05,0.92,2.300669114559583,53350,426800
0.8032,5e-05,0.92,2.232674066397348,53400,427200
0.8855,5e-05,0.92,2.424196186604827,53450,427600
0.8294,5e-05,0.92,2.2919431617348507,53500,428000
0.8559,5e-05,0.93,2.3534915701098,53550,428400
0.8236,5e-05,0.93,2.278688367457778,53600,428800
0.8101,5e-05,0.93,2.2481327887150537,53650,429200
0.8495,5e-05,0.93,2.338477320907148,53700,429600
0.857,5e-05,0.93,2.356081835221547,53750,430000
0.8257,5e-05,0.93,2.283478641056292,53800,430400
0.8544,5e-05,0.93,2.349963979109309,53850,430800
0.8706,5e-05,0.93,2.3883434297662864,53900,431200
0.8309,5e-05,0.93,2.2953836562032115,53950,431600
0.8654,5e-05,0.93,2.3759562784373256,54000,432000
0.85,5e-05,0.93,2.3396468519259908,54050,432400
0.8276,5e-05,0.93,2.2878213747648832,54100,432800
0.8469,5e-05,0.94,2.3324051770804046,54150,433200
0.8419,5e-05,0.94,2.3207722577286205,54200,433600
0.7769,5e-05,0.94,2.174720172626408,54250,434000
0.8071,5e-05,0.94,2.241398496837443,54300,434400
0.8629,5e-05,0.94,2.3700238064210812,54350,434800
0.8785,5e-05,0.94,2.407286067764131,54400,435200
0.7921,5e-05,0.94,2.208028420642923,54450,435600
0.8195,5e-05,0.94,2.2693648713788233,54500,436000
0.8147,5e-05,0.94,2.258498021300736,54550,436400
0.8176,5e-05,0.94,2.2650571717337655,54600,436800
0.8141,5e-05,0.94,2.257143328936306,54650,437200
0.8534,5e-05,0.95,2.3476151897206265,54700,437600
0.848,5e-05,0.95,2.3349722343978727,54750,438000
0.8633,5e-05,0.95,2.370972005570837,54800,438400
0.8213,5e-05,0.95,2.273453406725212,54850,438800
0.8187,5e-05,0.95,2.2675501054848652,54900,439200
0.7985,5e-05,0.95,2.222205119581876,54950,439600
0.8522,5e-05,0.95,2.3447997410999877,55000,440000
0.883,5e-05,0.95,2.418143265442331,55050,440400
0.8242,5e-05,0.95,2.2800559907242035,55100,440800
0.8118,5e-05,0.95,2.2519578648493774,55150,441200
0.8298,5e-05,0.95,2.292860122379447,55200,441600
0.8306,5e-05,0.95,2.2946951443882866,55250,442000
0.8212,5e-05,0.96,2.2732260727514277,55300,442400
0.8777,5e-05,0.96,2.405361009036081,55350,442800
0.8084,5e-05,0.96,2.244314209686054,55400,443200
0.8667,5e-05,0.96,2.3790470301526283,55450,443600
0.8027,5e-05,0.96,2.2315580084018993,55500,444000
0.8311,5e-05,0.96,2.2958427788451856,55550,444400
0.8241,5e-05,0.96,2.2798279965250314,55600,444800
0.8227,5e-05,0.96,2.2766384705190563,55650,445200
0.8487,5e-05,0.96,2.3366072871636545,55700,445600
0.8488,5e-05,0.96,2.336840959575797,55750,446000
0.7797,5e-05,0.96,2.1808179219749877,55800,446400
0.8344,5e-05,0.97,2.3034315746416083,55850,446800
0.8599,5e-05,0.97,2.362924389451834,55900,447200
0.8771,5e-05,0.97,2.4039182253090607,55950,447600
0.84,5e-05,0.97,2.3163669767810915,56000,448000
0.8271,5e-05,0.97,2.2866777500075153,56050,448400
0.8421,5e-05,0.97,2.321236458598706,56100,448800
0.7966,5e-05,0.97,2.2179869383957667,56150,449200
0.8107,5e-05,0.97,2.2494820731331293,56200,449600
0.821,5e-05,0.97,2.272771472998368,56250,450000
0.7922,5e-05,0.97,2.208249234525497,56300,450400
0.8277,5e-05,0.97,2.2880501683418477,56350,450800
0.8271,5e-05,0.97,2.2866777500075153,56400,451200
0.8122,5e-05,0.98,2.25285882817597,56450,451600
0.8568,5e-05,0.98,2.355610665972998,56500,452000
0.8184,5e-05,0.98,2.266869942482771,56550,452400
0.8229,5e-05,0.98,2.277093843748965,56600,452800
0.8538,5e-05,0.98,2.3485544236307736,56650,453200
0.7862,5e-05,0.98,2.1950394082266955,56700,453600
0.8273,5e-05,0.98,2.287135131294121,56750,454000
0.8773,5e-05,0.98,2.4043990570356923,56800,454400
0.7505,5e-05,0.98,2.1180587812900926,56850,454800
0.8592,5e-05,0.98,2.361270921160636,56900,455200
0.8815,5e-05,0.98,2.414518769595645,56950,455600
0.8709,5e-05,0.98,2.3890600402814193,57000,456000
0.8188,5e-05,0.99,2.267776871833542,57050,456400
0.809,5e-05,0.99,2.245661202269231,57100,456800
0.8207,5e-05,0.99,2.2720897438209584,57150,457200
0.7789,5e-05,0.99,2.1790739653130835,57200,457600
0.8284,5e-05,0.99,2.2896523641628015,57250,458000
0.8044,5e-05,0.99,2.235354883445556,57300,458400
0.7747,5e-05,0.99,2.1699410472121663,57350,458800
0.7733,5e-05,0.99,2.1669052552962564,57400,459200
0.8344,5e-05,0.99,2.3034315746416083,57450,459600
0.8331,5e-05,0.99,2.300439059151089,57500,460000
0.846,5e-05,0.99,2.3303069567618055,57550,460400
0.8406,5e-05,1.0,2.317757213996618,57600,460800
0.8595,5e-05,1.0,2.3619794087048027,57650,461200
0.8285,5e-05,1.0,2.2898813408478613,57700,461600
0.8388,5e-05,1.0,2.313589003526264,57750,462000
0.8364,5e-05,1.0,2.308043047726819,57800,462400
0.8482,5e-05,1.0,2.3354392755473103,57850,462800
